scenario,method,seed,sec_kWh_m3,energy_MWh,production_m3,mean_recovery_pct,mean_tds,max_tds,tds_violation_h,any_violation_h,min_reservoir_pct,withheld,rejected,mae_prod,mae_tds,mae_sec
normal,fixed,1,3.2665813817658993,187.19484644194694,57306.04095366215,41.45402268060053,322.4938711413658,327.1299810111767,0,0,49.84094589561499,0,0,,,
normal,fixed,2,3.2665813817658993,187.19484644194694,57306.04095366215,41.45402268060053,322.4938711413658,327.1299810111767,0,0,49.84094589561499,0,0,,,
normal,fixed,3,3.2665813817658993,187.19484644194694,57306.04095366215,41.45402268060053,322.4938711413658,327.1299810111767,0,0,49.84094589561499,0,0,,,
normal,fixed,4,3.2665813817658993,187.19484644194694,57306.04095366215,41.45402268060053,322.4938711413658,327.1299810111767,0,0,49.84094589561499,0,0,,,
normal,fixed,5,3.2665813817658993,187.19484644194694,57306.04095366215,41.45402268060053,322.4938711413658,327.1299810111767,0,0,49.84094589561499,0,0,,,
normal,physics,1,3.2761731667854592,185.62414923834342,56658.83327543261,44.31416159128476,342.52716365927455,379.4770449712993,0,0,55.00000000000001,0,0,24.951090823700607,3.715744118937735,0.009888210243288025
normal,physics,2,3.2798606670625308,185.88382331901525,56674.30485255773,45.08811212652358,346.22430146671985,378.13601290811965,0,0,55.00000000000001,0,0,18.00122256395077,3.1334569910290027,0.008930715650686106
normal,physics,3,3.2781998656277094,185.75378832320843,56663.35060008317,44.87001797250501,345.1501770024311,378.13476291080457,0,0,55.00000000000001,0,0,22.151220315319055,3.0866441664306126,0.010259600621254087
normal,physics,4,3.2806701037810804,185.8248643653005,56642.35003426015,44.749049055602946,344.7941743756221,387.8017801441294,0,0,55.00000000000001,0,0,31.61230194454798,5.766873328768316,0.012986622295807897
normal,physics,5,3.2820414862060523,185.99503043447916,56670.52997842638,45.29555823837666,347.31874392702207,378.13585780243534,0,0,55.00000000000001,0,0,19.807761577996004,3.3367568981626663,0.007959358056167178
normal,mlonly,1,3.263039797374857,183.80028747445382,56327.93312000752,42.327619016382975,333.3607365351793,360.5581605101267,0,0,49.84094589561499,0,0,48.92911528429708,7.569549906032062,0.05224045087017526
normal,mlonly,2,3.263039797374857,183.80028747445382,56327.93312000752,42.327619016382975,333.3607365351793,360.5581605101267,0,0,49.84094589561499,0,0,47.85462023648998,7.001936361055164,0.051590006162865326
normal,mlonly,3,3.263039797374857,183.80028747445382,56327.93312000752,42.327619016382975,333.3607365351793,360.5581605101267,0,0,49.84094589561499,0,0,48.44881403892359,7.033564885920203,0.05121246443225755
normal,mlonly,4,3.2638644774072816,184.19386760602356,56434.28790656828,42.29963837788736,332.5896725364312,360.5581605101267,0,0,49.84094589561499,0,0,51.09737651603432,6.685404974395299,0.0535956356155967
normal,mlonly,5,3.2633711085286174,183.97340778981064,56375.26400506752,42.3662900029195,333.2372637249778,360.5581605101267,0,0,49.84094589561499,0,0,46.95266449706535,7.320614689088984,0.05096864552556825
normal,hybrid,1,3.2754922731173517,185.6528253022054,56679.36597680198,43.89748965154059,339.96897308046715,380.28250693454834,0,0,55.00000000000001,0,0,14.71269744374991,1.7476773911236383,0.012134387928196254
normal,hybrid,2,3.2708273342257654,185.44115204746677,56695.48805191283,42.33541415715043,332.2678085517872,379.1474552728208,0,0,55.00000000000001,0,0,8.640113627398312,1.4638630899548073,0.009107634619914004
normal,hybrid,3,3.275867285000224,185.60812063258138,56659.23081879939,41.14555534225639,326.93915384974827,362.4523915335419,0,0,55.00000000000001,0,0,11.362746567908438,2.0148038008885982,0.009889697419060175
normal,hybrid,4,3.272129429936893,185.48695932291486,56686.92614231101,42.29736684688326,332.3297236078931,377.7225552037712,0,0,55.00000000000001,0,0,11.676823110158495,1.7661627486407778,0.009144838730555386
normal,hybrid,5,3.2718833438056407,185.5793774938649,56719.43587023219,42.29394778937458,331.9484866113813,366.1457419005653,0,0,55.00000000000001,0,0,11.177699764083124,2.059221674051381,0.009535831236560897
salinity,fixed,1,3.4125894043374605,175.19397527217907,51337.548856450325,37.13653707787207,373.1395120464255,414.34644101510344,11.999999999999991,21.333333333333346,21.770803613651914,0,0,,,
salinity,fixed,2,3.4125894043374605,175.19397527217907,51337.548856450325,37.13653707787207,373.1395120464255,414.34644101510344,11.999999999999991,21.333333333333346,21.770803613651914,0,0,,,
salinity,fixed,3,3.4125894043374605,175.19397527217907,51337.548856450325,37.13653707787207,373.1395120464255,414.34644101510344,11.999999999999991,21.333333333333346,21.770803613651914,0,0,,,
salinity,fixed,4,3.4125894043374605,175.19397527217907,51337.548856450325,37.13653707787207,373.1395120464255,414.34644101510344,11.999999999999991,21.333333333333346,21.770803613651914,0,0,,,
salinity,fixed,5,3.4125894043374605,175.19397527217907,51337.548856450325,37.13653707787207,373.1395120464255,414.34644101510344,11.999999999999991,21.333333333333346,21.770803613651914,0,0,,,
salinity,physics,1,3.458044683695725,195.77794938483132,56615.21677493105,41.41501362975143,351.9047672222097,408.7614430136733,1.3333333333333333,1.3333333333333333,44.168788164254444,0,1,34.045083364113935,5.865710184410523,0.017071008183723882
salinity,physics,2,3.4543556383585705,195.3764190589137,56559.43959254643,40.868196124811746,349.32041524339394,408.7614430136733,1.3333333333333333,1.3333333333333333,44.168788164254444,0,1,37.47102568844103,6.896479449136155,0.016294649385431247
salinity,physics,3,3.456856198480258,195.53414923346355,56564.154829300234,40.89668322779211,349.4983785639208,408.7614430136733,1.3333333333333333,1.3333333333333333,44.168788164254444,0,1,31.012571556515272,6.206574907437674,0.01797990925777354
salinity,physics,4,3.4577098782816527,195.7914289456861,56624.59715763858,41.4146244703369,351.8451145385816,408.7614430136733,1.3333333333333333,1.3333333333333333,44.168788164254444,0,1,33.16238341703364,6.0449116501650515,0.01691480837745176
salinity,physics,5,3.4429007960836473,194.75143994928217,56566.09106216913,41.02600022158035,355.0302070808354,381.96642737482983,0,0,48.5766034308853,0,0,26.139757392346272,4.648467199563725,0.01517494393758177
salinity,mlonly,1,3.4574994566975263,195.53651995407793,56554.316899545396,39.41901830260719,347.2457585857703,371.5522570707189,0,0,48.84558886690145,0,0,40.29099278623562,8.359715510996018,0.039375463514645964
salinity,mlonly,2,3.459266596169547,195.66226159053477,56561.775784263635,39.26600245222275,346.45872841147985,370.83284942553337,0,0,48.84558886690145,0,0,41.94552458768818,7.908056471977019,0.041302758027801395
salinity,mlonly,3,3.4574994566975263,195.53651995407793,56554.316899545396,39.41901830260719,347.2457585857703,371.5522570707189,0,0,48.84558886690145,0,0,41.8557418464848,8.633349312970259,0.04139278273299288
salinity,mlonly,4,3.459266596169547,195.66226159053477,56561.775784263635,39.26600245222275,346.45872841147985,370.83284942553337,0,0,48.84558886690145,0,0,42.08035147141138,8.28702066387441,0.041879099951603875
salinity,mlonly,5,3.454809792033178,194.96014708713156,56431.51398282805,39.21739489427479,346.9044798434031,371.55287835354017,0,0,48.84558886690145,0,0,42.21227672289896,8.26207228086998,0.03998769037721393
salinity,hybrid,1,3.4589741209063236,196.22754839389214,56729.98453728714,39.90115006332571,349.2447486824199,387.53222589908614,0,0,55.00000000000001,0,0,20.9533043471386,4.142715288420605,0.013374447409122645
salinity,hybrid,2,3.4601799882889885,195.9557342941456,56631.65932331833,39.93444746255625,350.01889080206763,387.529861645535,0,0,54.72856011969076,0,0,21.316995369101235,4.155291530362236,0.012309937826351326
salinity,hybrid,3,3.464568275050289,196.31771331061682,56664.40887436898,39.36817602350454,347.2025287903962,387.408710922856,0,0,55.00000000000001,0,0,18.372050668579956,3.7246811598693483,0.012499542909416152
salinity,hybrid,4,3.4649948685671186,196.5018261968294,56710.56773544052,38.366627584119044,342.0937955705703,390.8988410448765,0,0,55.00000000000001,0,0,21.781891446111327,4.232478452144357,0.01405367659401687
salinity,hybrid,5,3.459842662212394,196.09972880197307,56678.799571936965,39.40972715703832,347.2096267647947,387.4097915925206,0,0,55.00000000000001,0,0,22.576914426734263,4.139318925756127,0.014162263911661317
temperature,fixed,1,3.247150398447495,188.9912650603171,58202.19018825746,42.10227878201494,361.3256176552019,385.5548387499716,0,0,52.01263915644824,0,0,,,
temperature,fixed,2,3.247150398447495,188.9912650603171,58202.19018825746,42.10227878201494,361.3256176552019,385.5548387499716,0,0,52.01263915644824,0,0,,,
temperature,fixed,3,3.247150398447495,188.9912650603171,58202.19018825746,42.10227878201494,361.3256176552019,385.5548387499716,0,0,52.01263915644824,0,0,,,
temperature,fixed,4,3.247150398447495,188.9912650603171,58202.19018825746,42.10227878201494,361.3256176552019,385.5548387499716,0,0,52.01263915644824,0,0,,,
temperature,fixed,5,3.247150398447495,188.9912650603171,58202.19018825746,42.10227878201494,361.3256176552019,385.5548387499716,0,0,52.01263915644824,0,0,,,
temperature,physics,1,3.279439839241234,185.96799894484187,56707.245158023514,44.03757628440934,359.37439439745094,383.6910159508985,0,0,55.00000000000001,0,0,23.36971210461221,6.0600316845880995,0.010895324766281165
temperature,physics,2,3.278614237418938,185.94561464452153,56714.69748478421,43.68568336852028,357.18374105275,383.6910159508985,0,0,55.00000000000001,0,0,21.68745957320682,5.463154389118018,0.008861568478742005
temperature,physics,3,3.282474587865769,186.33959263489876,56768.022918969444,44.068161799927694,359.5756833731433,382.8700794320958,0,0,54.94363088018764,0,0,22.706818844714938,6.482432531827609,0.009769909819060032
temperature,physics,4,3.2746257322842287,185.8988685914701,56769.50094134745,42.392939818788776,356.2505999097149,385.80115368572035,0,0,51.78656854054088,0,0,40.09125857300481,8.815893753621323,0.013950451221948221
temperature,physics,5,3.2764921604975092,185.4701344017566,56606.31105358557,41.35438911012368,352.0277090661755,386.08521734043785,0,0,51.78656854054088,0,0,34.357120240934016,6.8702274682114135,0.013050746010839323
temperature,mlonly,1,3.276043696978651,186.25142614209432,56852.5463545757,39.162455670716206,356.15693613031567,380.90700756365584,0,0,53.17540635321231,0,0,37.160404541141915,7.254224263881129,0.044277700715457384
temperature,mlonly,2,3.288894526858323,187.076214523607,56881.18393456336,38.19065917572282,351.0967913015772,385.8294116052893,0,0,53.17540635321231,0,0,41.111740732350704,8.825803644823058,0.05392524425039932
temperature,mlonly,3,3.2904952985865,187.05032958483497,56845.64559784854,38.095683850203635,350.85677252649657,380.8979824065636,0,0,53.17540635321231,0,0,42.54515049099459,8.786317417854283,0.05500979203483334
temperature,mlonly,4,3.2709139872799504,185.98699346305688,56860.86341197901,39.29923047485769,356.61336773302787,385.8362992749281,0,0,53.17540635321231,0,0,38.14602646496033,6.603006997886023,0.043998015247531365
temperature,mlonly,5,3.289551174707736,186.84108728883916,56798.3525307033,38.06111289468812,350.93067368876524,380.8979824065636,0,0,53.17540635321231,0,0,40.005416490409566,8.13902759391025,0.054595953595677565
temperature,hybrid,1,3.2687795090608547,185.38077465220422,56712.53571503987,40.99902680979858,367.04662590565067,394.166022478202,0,0,55.00000000000001,0,0,13.900472448880805,3.859665387421911,0.00918351819289521
temperature,hybrid,2,3.2734643851012164,185.74035455608578,56741.21747023151,39.39638306509296,359.15715438895535,392.5382825249683,0,0,55.00000000000001,0,0,13.009521136116746,3.9895753540836583,0.010127749662517465
temperature,hybrid,3,3.2728441372884878,185.78401276296555,56765.31022246766,39.32661141973177,358.5626335271135,392.5401336737605,0,0,55.00000000000001,0,0,12.396924603289822,3.499257940305535,0.00947684531736643
temperature,hybrid,4,3.2700252659144664,185.49471066289564,56725.77291570921,40.08170389473864,362.6025208784694,394.9649364476702,0,0,55.00000000000001,0,0,14.91725241429739,3.9506095854478827,0.009124019505729247
temperature,hybrid,5,3.2729452223547657,185.83091097430656,56777.886077973504,39.876515955106,361.2548098188941,392.5375528450407,0,0,55.00000000000001,0,0,15.873432344456035,3.557040206480789,0.0095986708477789
fouling,fixed,1,3.283541795664157,185.9368384390962,56626.913866186085,40.96275597959063,325.62657013446295,333.3565250991726,0,0,49.31029679474623,0,0,,,
fouling,fixed,2,3.283541795664157,185.9368384390962,56626.913866186085,40.96275597959063,325.62657013446295,333.3565250991726,0,0,49.31029679474623,0,0,,,
fouling,fixed,3,3.283541795664157,185.9368384390962,56626.913866186085,40.96275597959063,325.62657013446295,333.3565250991726,0,0,49.31029679474623,0,0,,,
fouling,fixed,4,3.283541795664157,185.9368384390962,56626.913866186085,40.96275597959063,325.62657013446295,333.3565250991726,0,0,49.31029679474623,0,0,,,
fouling,fixed,5,3.283541795664157,185.9368384390962,56626.913866186085,40.96275597959063,325.62657013446295,333.3565250991726,0,0,49.31029679474623,0,0,,,
fouling,physics,1,3.2909793329028707,183.18097471345033,55661.53906894094,43.37240174975495,345.6864813314844,387.454935407148,0,0,52.80855402099436,0,0,14.724902186188551,2.9449658276131063,0.008238385426134904
fouling,physics,2,3.293504228794501,184.51604625647735,56024.23237938714,43.4411367377395,343.54213543820975,384.6722860652166,0,0,55.00000000000001,0,0,20.256282399140044,3.9318937480145246,0.011227327099930597
fouling,physics,3,3.294232006289153,185.04904563119715,56173.65300255491,43.32929633374886,342.0327002799606,384.6560289883172,0,0,55.00000000000001,0,0,12.473053090636864,2.4006843163355405,0.008105916092831325
fouling,physics,4,3.293050996353499,184.92734431231625,56156.8419429557,43.20918752388763,341.41087528940807,383.32859768433804,0,0,55.00000000000001,0,0,12.981006811456961,2.945931323618446,0.007847452139774752
fouling,physics,5,3.29224060065548,183.43264933206564,55716.65974095103,43.055449291368156,343.8955438183753,384.62592546081197,0,0,53.20194078657005,0,0,15.68549830621176,3.013493735036012,0.008001678189266401
fouling,mlonly,1,3.253972537198779,171.9842466640669,52853.62574452505,41.42121805801361,352.70305760329586,373.91913427124985,0,0,32.98872470092235,0,0,55.47581238301192,9.34659008388905,0.06243808275555171
fouling,mlonly,2,3.253972537198779,171.9842466640669,52853.62574452505,41.42121805801361,352.70305760329586,373.91913427124985,0,0,32.98872470092235,0,0,55.54803234389396,8.83275513885556,0.06295397911905992
fouling,mlonly,3,3.253972537198779,171.9842466640669,52853.62574452505,41.42121805801361,352.70305760329586,373.91913427124985,0,0,32.98872470092235,0,0,56.40091522851829,8.577713205057385,0.062317984140085256
fouling,mlonly,4,3.251934398898813,171.35387129079584,52692.90529010074,41.48482506784123,354.09259620651557,373.8939717795164,0,0,31.840585898902212,0,0,57.47786572413712,8.827647998772935,0.06509850880346445
fouling,mlonly,5,3.251934398898813,171.35387129079584,52692.90529010074,41.48482506784123,354.09259620651557,373.8939717795164,0,0,31.840585898902212,0,0,56.83665737257487,8.58324503251321,0.063652576953875
fouling,hybrid,1,3.2987599613686047,185.4180122013903,56208.39781396619,42.10000137883575,335.8338596379865,368.7424186318249,0,0,55.00000000000001,0,0,11.014894730952403,1.4061661696794079,0.0104689258641205
fouling,hybrid,2,3.2959084996834096,185.36699068876092,56241.54636166825,42.127392534767445,335.55268538433256,368.71891458375904,0,0,54.8307459899664,0,0,13.076222361336411,1.7047720307652705,0.011572723773034192
fouling,hybrid,3,3.3113988329528103,175.270083914572,52929.31862220951,40.981289786854255,317.08292348527374,339.04112314506597,0,0,28.837282794996135,0,0,9.070626515658812,1.3803286336611562,0.006941144170405912
fouling,hybrid,4,3.306736929356414,173.68589112169906,52524.85904752736,41.138483538676844,320.53910282966274,372.3082961518276,0,0,28.837282794996135,0,0,8.079532098299197,1.2582362742968465,0.006242146180956698
fouling,hybrid,5,3.333140975316236,174.26949101962276,52283.86447203564,40.977566015260116,310.9012166305713,335.1035336609218,0,0,27.982638818294475,0,0,11.214762613877781,1.5376898618900339,0.01094958216187879
pump,fixed,1,3.3577328264852153,192.41837486601753,57306.04095366215,41.45402268060053,322.4938711413658,327.1299810111767,0,0,49.84094589561499,0,0,,,
pump,fixed,2,3.3577328264852153,192.41837486601753,57306.04095366215,41.45402268060053,322.4938711413658,327.1299810111767,0,0,49.84094589561499,0,0,,,
pump,fixed,3,3.3577328264852153,192.41837486601753,57306.04095366215,41.45402268060053,322.4938711413658,327.1299810111767,0,0,49.84094589561499,0,0,,,
pump,fixed,4,3.3577328264852153,192.41837486601753,57306.04095366215,41.45402268060053,322.4938711413658,327.1299810111767,0,0,49.84094589561499,0,0,,,
pump,fixed,5,3.3577328264852153,192.41837486601753,57306.04095366215,41.45402268060053,322.4938711413658,327.1299810111767,0,0,49.84094589561499,0,0,,,
pump,physics,1,3.349804938843187,184.3655800107415,55037.706187874275,44.667722370631665,354.5438927342495,380.706597955299,0,0,48.50285422840958,0,0,21.733450359468257,3.8895895533961546,0.013406662811165081
pump,physics,2,3.362394628481767,190.54835836522045,56670.432658661295,44.1307770182503,341.3758090778876,381.15057460434747,0,0,55.00000000000001,0,0,27.351699874820607,4.40208347872519,0.015294749241389766
pump,physics,3,3.362186206987108,190.36911776862024,56620.63492289801,44.20845036752091,341.97263697556616,382.2843625563365,0,0,55.00000000000001,0,0,24.833102917561213,4.240871181436417,0.014099988508316128
pump,physics,4,3.362633405145067,190.43929446932398,56633.97448497906,44.218244426598005,342.014125805052,384.8317854512939,0,0,55.00000000000001,0,0,26.000705279263236,4.91359162323042,0.012898988592285126
pump,physics,5,3.363541685994472,190.7435000455437,56709.1232553427,44.491033234181444,342.84545782138935,377.77183174475556,0,0,55.00000000000001,0,0,20.78989742659728,3.2281030785875107,0.01255730097291127
pump,mlonly,1,3.3561626301281553,189.56281415664512,56482.01087007713,41.92446638629747,330.58103952074936,359.8668420303664,0,0,49.84094589561499,0,0,41.679313756685964,6.946469110050106,0.06508749520971271
pump,mlonly,2,3.3700063247042955,190.47714541568274,56521.30205791123,40.7085914760772,325.137647341107,359.86684288741884,0,0,49.84094589561499,0,0,42.59233816581333,7.72697391730089,0.07173167202155145
pump,mlonly,3,3.3664747762924705,190.16137900144676,56486.79750717551,40.91682952684963,326.1453064803298,359.86684288741884,0,0,49.84094589561499,0,0,43.564082755437724,7.296702359172861,0.07150786478496912
pump,mlonly,4,3.354066314917882,188.99798149311275,56348.91017285686,41.86032783991791,330.9752716808148,359.86684288741884,0,0,49.84094589561499,0,0,47.648344796663345,7.765107551861639,0.07179405447979828
pump,mlonly,5,3.350847325218726,188.57413781243352,56276.55321482735,42.36951216080555,333.76061976896324,359.8668420303664,0,0,49.84094589561499,0,0,44.78103903043589,7.781276915697794,0.06767187744389011
pump,hybrid,1,3.3590556690034874,190.58417320434333,56737.426224580224,42.11806740173538,330.8531563105049,365.1302480057041,0,0,55.00000000000001,0,0,13.32135600345368,1.514084606326846,0.014321379815809422
pump,hybrid,2,3.3579607563098732,190.5078419455008,56733.19486760574,41.36789709871913,327.4308905524174,367.0017390289588,0,0,55.00000000000001,0,0,10.689947225567018,1.2759377436699972,0.010503186866151475
pump,hybrid,3,3.3606577547324368,190.6248284644117,56722.475889125024,41.20897292494939,326.98592952493254,366.9997511959882,0,0,55.00000000000001,0,0,12.975603194961344,1.518201563035945,0.009722862992738921
pump,hybrid,4,3.3568730137469545,190.16047955420666,56648.10041233845,41.21846431846402,327.2762881989183,367.00151911705274,0,0,55.00000000000001,0,0,9.675551312290322,1.6820394732116126,0.008507424971496112
pump,hybrid,5,3.362560261198676,190.71078919412224,56715.946891651605,41.04381553469566,326.45908442649227,367.00038219562276,0,0,55.00000000000001,0,0,10.678839733776226,2.2316354800441207,0.009278735761001272
sensor,fixed,1,3.2665813817658993,187.19484644194694,57306.04095366215,41.45402268060053,322.4938711413658,327.1299810111767,0,0,49.84094589561499,0,0,,,
sensor,fixed,2,3.2665813817658993,187.19484644194694,57306.04095366215,41.45402268060053,322.4938711413658,327.1299810111767,0,0,49.84094589561499,0,0,,,
sensor,fixed,3,3.2665813817658993,187.19484644194694,57306.04095366215,41.45402268060053,322.4938711413658,327.1299810111767,0,0,49.84094589561499,0,0,,,
sensor,fixed,4,3.2665813817658993,187.19484644194694,57306.04095366215,41.45402268060053,322.4938711413658,327.1299810111767,0,0,49.84094589561499,0,0,,,
sensor,fixed,5,3.2665813817658993,187.19484644194694,57306.04095366215,41.45402268060053,322.4938711413658,327.1299810111767,0,0,49.84094589561499,0,0,,,
sensor,physics,1,3.273713775440978,185.45064935130506,56648.40058484477,44.00849743651673,340.3720651243062,369.14887681939973,0,0,55.00000000000001,0,0,31.868283669604377,16.37375700713346,0.019399868470905367
sensor,physics,2,3.2774457453696413,185.5117203342067,56602.52975851598,43.620155916804286,338.82862664023355,369.1493280923752,0,0,55.00000000000001,0,0,31.20166398125695,17.02889740837013,0.020594209066149158
sensor,physics,3,3.2721032042005675,185.31546349582538,56634.968988119435,43.17002167133594,336.357391866673,365.47904299445884,0,0,55.00000000000001,0,0,28.401185906959245,17.85971750032344,0.01696445582954751
sensor,physics,4,3.2784867620805915,186.82134121186715,56984.01572721516,44.59360966563505,341.03510061414926,361.5945458332328,0,0,55.00000000000001,0,0,21.50172124339654,15.907289196522973,0.015013727661636389
sensor,physics,5,3.2759700430917826,185.68787643113728,56681.79928040169,44.06055923991905,340.3747531461933,369.1492137892466,0,0,55.00000000000001,0,0,33.00840750059849,17.04884173985351,0.01626625381744633
sensor,mlonly,1,3.263697984016356,184.32462447480887,56477.230852095025,42.426770649275184,332.86986915194234,360.55855616349606,0,0,49.84094589561499,3,0,44.159825603177374,15.436730992608652,0.04783663735443585
sensor,mlonly,2,3.263782880898745,184.5175597416937,56534.87577913984,42.383869011439,332.26313808092283,360.5589632140788,0,0,49.84094589561499,3,0,42.5041619514977,14.74573059525837,0.0483640960056508
sensor,mlonly,3,3.264195973544256,184.94614466425722,56659.019912779055,42.21329808126322,330.6760658816454,360.5600329565748,0,0,49.84094589561499,2,0,44.260813444429814,19.26915166001672,0.04646870097997914
sensor,mlonly,4,3.2638352993081763,184.45971462080894,56516.24475656238,42.550765105769216,333.18766175199073,360.5589632140788,0,0,49.84094589561499,0,0,45.15882285874597,14.97753109555762,0.05094625143651885
sensor,mlonly,5,3.2607003515220603,183.48127881626172,56270.512170986396,42.09375928321129,332.38018224767313,360.5588056437832,0,0,49.84094589561499,3,0,38.56145367278106,15.906919104573982,0.04435694052116867
sensor,hybrid,1,3.275114341646037,185.53229224063045,56649.10378285722,43.86331589349156,339.8235055066467,367.01127245668425,0,0,55.00000000000001,2,0,15.375074643338024,15.767394547164315,0.012398489552518238
sensor,hybrid,2,3.276381560923133,185.71628513940277,56683.35072886825,41.621020884858865,329.07234633431125,363.1963333703634,0,0,55.00000000000001,0,0,12.129998238473707,16.09563991231548,0.012927908833609551
sensor,hybrid,3,3.2767251482988686,185.54068769073746,56623.817773383285,41.20668809609771,327.5520996737879,366.5713891878669,0,0,55.00000000000001,3,0,14.797356046198063,18.251148700206485,0.010795404608480044
sensor,hybrid,4,3.2741155814298217,185.507250863798,56658.73615334804,41.20178206757844,326.9654637547799,356.7017703612658,0,0,55.00000000000001,0,0,10.38357539982433,15.250278721055489,0.010466825788910693
sensor,hybrid,5,3.277327178071595,185.90466698077677,56724.47603786831,40.60467639830436,323.91884161169935,357.7936814981535,0,0,55.00000000000001,3,0,12.469113758034558,17.75298144783723,0.013171737838718544
algal,fixed,1,3.382410117792303,193.47357278753714,57199.91545963598,41.37725366003761,322.9876817423117,328.02323724718053,0,0,49.77698100505535,0,0,,,
algal,fixed,2,3.382410117792303,193.47357278753714,57199.91545963598,41.37725366003761,322.9876817423117,328.02323724718053,0,0,49.77698100505535,0,0,,,
algal,fixed,3,3.382410117792303,193.47357278753714,57199.91545963598,41.37725366003761,322.9876817423117,328.02323724718053,0,0,49.77698100505535,0,0,,,
algal,fixed,4,3.382410117792303,193.47357278753714,57199.91545963598,41.37725366003761,322.9876817423117,328.02323724718053,0,0,49.77698100505535,0,0,,,
algal,fixed,5,3.382410117792303,193.47357278753714,57199.91545963598,41.37725366003761,322.9876817423117,328.02323724718053,0,0,49.77698100505535,0,0,,,
algal,physics,1,3.385332070848448,191.75561291347807,56643.07338258234,45.16490895397039,347.0715472359594,378.8105960510452,0,0,55.00000000000001,0,0,19.913408491663606,3.0979582272027044,0.012467518390222313
algal,physics,2,3.385421236651402,191.95836559659074,56701.47145011153,45.105325955976184,346.42578013023615,378.80923464455776,0,0,55.00000000000001,0,0,21.194070822127358,3.268819108160357,0.012915841204801005
algal,physics,3,3.3839983707556947,191.58271789256392,56614.30559429637,44.8209558559818,345.4122058352915,383.04540115260687,0,0,55.00000000000001,0,0,25.364726787000237,3.9006918674420206,0.015642123314005756
algal,physics,4,3.385418870906745,191.84440129743146,56667.8477945768,45.08297965462449,346.5174425663661,378.81037386712705,0,0,55.00000000000001,0,0,23.427729038634798,3.991478659043335,0.013453737498201866
algal,physics,5,3.389506733405442,192.36819704405923,56754.038913144934,45.501149847725856,348.10625413880604,377.85749044935955,0,0,55.00000000000001,0,0,19.366604115525643,3.044748624417209,0.013621926167422317
algal,mlonly,1,3.3767219576997323,190.47862819321472,56409.331469793644,42.02122768212897,331.88302733111664,361.23857102816163,0,0,49.77698100505535,0,0,45.007081742012865,7.6820753614248325,0.05604356181259021
algal,mlonly,2,3.374541350680278,189.9281463979896,56282.65493315166,42.296410022154305,333.6712172143073,361.2362530498676,0,0,49.77698100505535,0,0,46.63558296195287,7.1885070961752024,0.05752564938034266
algal,mlonly,3,3.374316054244787,189.972365999757,56299.517575058664,42.12102044837747,332.8084501387167,361.23857102816163,0,0,49.77698100505535,0,0,47.15329355159012,7.276771418891664,0.05658474845945179
algal,mlonly,4,3.3744772645535934,190.09632845210047,56333.56325998188,42.338012580321326,333.51311269839266,361.23857102816163,0,0,49.77698100505535,0,0,48.40851824064058,7.019021709142166,0.05837305388905023
algal,mlonly,5,3.3744772645535934,190.09632845210047,56333.56325998188,42.338012580321326,333.51311269839266,361.23857102816163,0,0,49.77698100505535,0,0,46.41273248516447,7.266428888457259,0.056704916399553426
algal,hybrid,1,3.3817713678564645,191.65366059376214,56672.56586752694,44.22810569875611,341.9323440940127,380.9400500933415,0,0,55.00000000000001,0,0,15.890545215073438,1.59639002077905,0.014973991015000493
algal,hybrid,2,3.3806352409880023,191.68452108504752,56700.74037003384,43.26582343312707,337.04470325844125,379.7744449403271,0,0,55.00000000000001,0,0,13.13722862984009,1.4414719567537797,0.01493490185696144
algal,hybrid,3,3.3810294460056847,191.59581072486623,56667.891772198454,42.61293153642135,333.92475312778373,380.0924826001776,0,0,55.00000000000001,0,0,28.34549667904601,3.7219708071406945,0.0179491304995159
algal,hybrid,4,3.3798917719290116,191.55277536108653,56674.233462736374,42.73314422023448,334.52505720031644,381.8377996905623,0,0,55.00000000000001,0,0,23.53987599461827,3.955359468586267,0.015314530401108877
algal,hybrid,5,3.38092387592115,191.67856551520293,56694.13821480353,42.816695349547885,335.00264883665903,380.9244572421551,0,0,55.00000000000001,0,0,17.960451534091888,3.0356844884593905,0.009629896972600435
energy,fixed,1,3.2665813817658993,187.19484644194694,57306.04095366215,41.45402268060053,322.4938711413658,327.1299810111767,0,6.000000000000002,49.84094589561499,0,0,,,
energy,fixed,2,3.2665813817658993,187.19484644194694,57306.04095366215,41.45402268060053,322.4938711413658,327.1299810111767,0,6.000000000000002,49.84094589561499,0,0,,,
energy,fixed,3,3.2665813817658993,187.19484644194694,57306.04095366215,41.45402268060053,322.4938711413658,327.1299810111767,0,6.000000000000002,49.84094589561499,0,0,,,
energy,fixed,4,3.2665813817658993,187.19484644194694,57306.04095366215,41.45402268060053,322.4938711413658,327.1299810111767,0,6.000000000000002,49.84094589561499,0,0,,,
energy,fixed,5,3.2665813817658993,187.19484644194694,57306.04095366215,41.45402268060053,322.4938711413658,327.1299810111767,0,6.000000000000002,49.84094589561499,0,0,,,
energy,physics,1,3.329237265311504,187.734033925045,56389.50274920686,45.357841144224864,317.64808436240156,334.17474120674046,0,0,25.48300441106901,0,0,23.409291865307704,3.4442785656457797,0.009239777024871288
energy,physics,2,3.32739571615659,187.23275150837705,56270.05847222943,45.27177691661995,317.9003240160943,337.1582781254345,0,0,25.48300441106901,0,0,23.05338960069974,3.8427491833785132,0.007827719855762857
energy,physics,3,3.329291944400024,187.01396308937342,56172.293151982936,45.60687321432828,320.1040317529933,335.1963998869563,0,0,25.48300441106901,0,0,17.681350867784754,2.7947606047420432,0.0072427182712266275
energy,physics,4,3.3303170478811794,188.07192823092115,56472.67978602117,45.329866297021354,317.09440674992214,333.37960930191343,0,0,25.48300441106901,0,0,20.450045154578657,3.132909129225654,0.00838380221505349
energy,physics,5,3.3285551168370384,186.8230639776758,56127.37581921266,45.572136776113986,320.178552332066,335.98836587826855,0,0,25.48300441106901,0,0,15.71279243150259,2.168909564868676,0.006251455125550368
energy,mlonly,1,3.3399617978555787,187.69070605972325,56195.46492424853,39.79552344744406,305.39880095253704,381.0325933332259,0,1.5,22.869424988902114,0,0,50.440009545471476,5.117454653318987,0.06734183576604871
energy,mlonly,2,3.316669381871906,186.66667154096115,56281.362429802306,43.167478444469,319.8124724023004,381.0325933332259,0,1.5,22.869424988902114,0,0,49.569816200440656,4.803578699949451,0.05258848361819478
energy,mlonly,3,3.3399617978555787,187.69070605972325,56195.46492424853,39.79552344744406,305.39880095253704,381.0325933332259,0,1.5,22.869424988902114,0,0,52.38099173335034,4.718043595137091,0.07044273833522408
energy,mlonly,4,3.3150978357603598,186.50387668401058,56258.935911987515,42.948260364400085,318.79418971164523,381.0325933332259,0,1.5,22.869424988902114,0,0,56.04519253397186,5.987364099242918,0.05636408615620714
energy,mlonly,5,3.3399617978555787,187.69070605972325,56195.46492424853,39.79552344744406,305.39880095253704,381.0325933332259,0,1.5,22.869424988902114,0,0,50.61737178800273,4.9858691860884,0.06691532957400324
energy,hybrid,1,3.292330252572494,186.04494727546407,56508.592092210696,41.31386322919757,325.38880464055245,385.1644699066479,0,0,34.160953969654074,0,0,11.10019829015015,1.7584180042191813,0.008865202153718462
energy,hybrid,2,3.295273453076849,186.25291059370534,56521.23055820999,41.077942076285254,324.5299393167263,385.1644699066479,0,0,34.160953969654074,0,0,13.137895525015379,1.1830762976740574,0.010682060110180056
energy,hybrid,3,3.292144720126099,186.06442834528363,56517.6941365314,40.940312708924125,323.620121072908,385.1644699066479,0,0,34.160953969654074,0,0,11.638929078508095,1.8291117515474937,0.006263141046966671
energy,hybrid,4,3.291876624614884,186.06145009305177,56521.39229696042,41.412337183537645,325.8598016298845,385.1644699066479,0,0,34.160953969654074,0,0,13.528091205809035,1.8715086083403811,0.00789028435107787
energy,hybrid,5,3.295499095352677,186.41318492683635,56565.99487152547,40.64840393834728,322.1900020847605,385.1644699066479,0,0,34.160953969654074,0,0,12.71190326960525,2.033487451615862,0.009509133819778562
demand,fixed,1,3.2665813817658993,187.19484644194694,57306.04095366215,41.45402268060053,322.4938711413658,327.1299810111767,0,15.333333333333313,2.2056117660714802,0,0,,,
demand,fixed,2,3.2665813817658993,187.19484644194694,57306.04095366215,41.45402268060053,322.4938711413658,327.1299810111767,0,15.333333333333313,2.2056117660714802,0,0,,,
demand,fixed,3,3.2665813817658993,187.19484644194694,57306.04095366215,41.45402268060053,322.4938711413658,327.1299810111767,0,15.333333333333313,2.2056117660714802,0,0,,,
demand,fixed,4,3.2665813817658993,187.19484644194694,57306.04095366215,41.45402268060053,322.4938711413658,327.1299810111767,0,15.333333333333313,2.2056117660714802,0,0,,,
demand,fixed,5,3.2665813817658993,187.19484644194694,57306.04095366215,41.45402268060053,322.4938711413658,327.1299810111767,0,15.333333333333313,2.2056117660714802,0,0,,,
demand,physics,1,3.3222316714436806,205.0323206611406,61715.238712429564,45.01882696717637,315.786489768019,320.8125570886026,0,0,32.300796523812444,0,0,6.852669980848964,1.3635549944960792,0.0054445374603737905
demand,physics,2,3.3222316714436806,205.0323206611406,61715.238712429564,45.01882696717637,315.786489768019,320.8125570886026,0,0,32.300796523812444,0,0,6.121055549544947,1.2648512065909532,0.006170055500151354
demand,physics,3,3.3222316714436806,205.0323206611406,61715.238712429564,45.01882696717637,315.786489768019,320.8125570886026,0,0,32.300796523812444,0,0,6.340320184611392,1.3666236668514304,0.005470689564724561
demand,physics,4,3.3222316714436806,205.0323206611406,61715.238712429564,45.01882696717637,315.786489768019,320.8125570886026,0,0,32.300796523812444,0,0,6.800897192431506,1.5978791132200554,0.005474267799510595
demand,physics,5,3.3222316714436806,205.0323206611406,61715.238712429564,45.01882696717637,315.786489768019,320.8125570886026,0,0,32.300796523812444,0,0,5.952590688019847,1.427921620553975,0.004392012063571173
demand,mlonly,1,3.3395620742556313,203.1795051301756,60840.164252812436,40.358411312031045,300.4414095549903,326.8615801026336,0,2.4999999999999996,23.879916333358096,0,0,66.15512039890612,9.246265729167767,0.0871524862588266
demand,mlonly,2,3.3397341276799506,203.2120869962684,60846.78577017026,40.274595235864815,300.04945334913043,326.8615801026336,0,2.4999999999999996,23.927092343061744,0,0,67.9541032540614,8.657598599189527,0.09050612814819428
demand,mlonly,3,3.3397341276799506,203.2120869962684,60846.78577017026,40.274595235864815,300.04945334913043,326.8615801026336,0,2.4999999999999996,23.927092343061744,0,0,67.74056932131555,9.01768280698851,0.08937463230640492
demand,mlonly,4,3.3395620742556313,203.1795051301756,60840.164252812436,40.358411312031045,300.4414095549903,326.8615801026336,0,2.4999999999999996,23.879916333358096,0,0,66.85432264242823,9.265873754115074,0.08811099037125819
demand,mlonly,5,3.3397341276799506,203.2120869962684,60846.78577017026,40.274595235864815,300.04945334913043,326.8615801026336,0,2.4999999999999996,23.927092343061744,0,0,65.31731178835668,9.078341067868038,0.08753823264398605
demand,hybrid,1,3.3638118090699587,216.49295290036468,64359.41282940605,43.7505960098727,297.7821291451164,318.2045874359982,0,0,39.038574356424576,0,0,20.75773402089462,2.1813362474671787,0.015122605911661816
demand,hybrid,2,3.3485610205796865,214.09161686394208,63935.408537628966,44.04527169022666,300.40449703625757,309.1484347211142,0,0,40.77272517330525,0,0,14.169973537021873,1.4576854181968342,0.010246563155466385
demand,hybrid,3,3.3623543222499013,217.170439660343,64588.80262060679,42.05948403421656,288.91725660143817,300.18786587651186,0,0,40.66778615544131,0,0,28.133623327672073,2.6027186649288163,0.011455203174317872
demand,hybrid,4,3.3609833938513414,216.83468569147732,64515.25053297186,42.093155950824624,289.39051384927916,300.18786587651186,0,0,40.66778615544131,0,0,27.98060769061048,1.8104846980711027,0.010209353272268724
demand,hybrid,5,3.3642108885405,217.62421403424963,64688.041637205984,42.04291124986107,288.42223449280317,299.18504014334763,0,0,40.85874108044799,0,0,30.165968093545512,2.4650602906172523,0.012080607491211284
extreme,fixed,1,3.6908520956372723,159.378886056799,43182.13841329239,31.23707929202284,622.0967486455418,704.0006184083237,20.16666666666667,22.166666666666686,0,0,0,,,
extreme,fixed,2,3.6908520956372723,159.378886056799,43182.13841329239,31.23707929202284,622.0967486455418,704.0006184083237,20.16666666666667,22.166666666666686,0,0,0,,,
extreme,fixed,3,3.6908520956372723,159.378886056799,43182.13841329239,31.23707929202284,622.0967486455418,704.0006184083237,20.16666666666667,22.166666666666686,0,0,0,,,
extreme,fixed,4,3.6908520956372723,159.378886056799,43182.13841329239,31.23707929202284,622.0967486455418,704.0006184083237,20.16666666666667,22.166666666666686,0,0,0,,,
extreme,fixed,5,3.6908520956372723,159.378886056799,43182.13841329239,31.23707929202284,622.0967486455418,704.0006184083237,20.16666666666667,22.166666666666686,0,0,0,,,
extreme,physics,1,3.6832168487814285,177.04598282740852,48068.302816865966,33.04487091943702,572.336018325699,647.5240491629311,20.000000000000004,22.166666666666686,0,0,20,35.55376625806777,14.024411826383261,0.025810996058097155
extreme,physics,2,3.6832168487814285,177.04598282740852,48068.302816865966,33.04487091943702,572.336018325699,647.5240491629311,20.000000000000004,22.166666666666686,0,0,20,34.37920655626065,13.837227161655358,0.026044822667338312
extreme,physics,3,3.6832168487814285,177.04598282740852,48068.302816865966,33.04487091943702,572.336018325699,647.5240491629311,20.000000000000004,22.166666666666686,0,0,20,35.23364540691577,14.256394974013505,0.026377185571988142
extreme,physics,4,3.6832168487814285,177.04598282740852,48068.302816865966,33.04487091943702,572.336018325699,647.5240491629311,20.000000000000004,22.166666666666686,0,0,20,35.47129900123648,14.342344227365029,0.025632355100470468
extreme,physics,5,3.6832168487814285,177.04598282740852,48068.302816865966,33.04487091943702,572.336018325699,647.5240491629311,20.000000000000004,22.166666666666686,0,0,20,35.2766367234062,13.788222852050707,0.0256370551204043
extreme,mlonly,1,3.6965004382821336,162.1425448734671,43863.79701034723,31.39711595854694,619.1678321405075,704.0006184083237,20.16666666666667,22.166666666666686,0,19,1,348.4714752327502,86.93344522131153,0.38976136970290376
extreme,mlonly,2,3.6965004382821336,162.1425448734671,43863.79701034723,31.39711595854694,619.1678321405075,704.0006184083237,20.16666666666667,22.166666666666686,0,19,1,348.08922272601893,86.13025745771466,0.3870220425431636
extreme,mlonly,3,3.6965004382821336,162.1425448734671,43863.79701034723,31.39711595854694,619.1678321405075,704.0006184083237,20.16666666666667,22.166666666666686,0,19,1,349.0835449734305,85.29706411438565,0.38763204555930386
extreme,mlonly,4,3.6965004382821336,162.1425448734671,43863.79701034723,31.39711595854694,619.1678321405075,704.0006184083237,20.16666666666667,22.166666666666686,0,19,1,348.53775659960263,86.49947157800109,0.3880119132308484
extreme,mlonly,5,3.6965004382821336,162.1425448734671,43863.79701034723,31.39711595854694,619.1678321405075,704.0006184083237,20.16666666666667,22.166666666666686,0,19,1,347.542732538786,85.11529269452755,0.3876689615390264
extreme,hybrid,1,3.7905048854627643,196.3675805079627,51805.12529110991,32.04016554690501,519.8633896413249,581.7263076314418,19.5,22.000000000000018,21.65660700503113,19,0,117.81203685153292,39.62637093090723,0.023872632292672603
extreme,hybrid,2,3.789418751923602,196.15876486674298,51764.868891084676,31.82515493889923,518.9898881607887,581.7218567300005,19.5,22.000000000000018,21.368825232353043,19,0,116.408583412819,38.618693149751174,0.027597148929689383
extreme,hybrid,3,3.7908187548647185,196.31953872406189,51788.16277410442,31.672684183096077,518.1801415078256,581.7209091903644,19.333333333333332,21.83333333333335,21.535116307433945,19,0,118.73682053929929,37.8948537414844,0.026476818140917083
extreme,hybrid,4,3.7908187548647185,196.31953872406189,51788.16277410442,31.672684183096077,518.1801415078256,581.7209091903644,19.333333333333332,21.83333333333335,21.535116307433945,19,0,117.62374273141167,39.952266179856835,0.02608438960265899
extreme,hybrid,5,3.7911802549773896,196.43945050320357,51814.853763627005,31.690341784112615,518.1396713666442,581.722385118242,19.333333333333332,21.83333333333335,21.72580781135549,19,0,118.09544461764969,38.183308162283545,0.026098961412790347
